{"cameraMode":{"drawMode":0,"name":"Shaded","section":"Shading Mode"},"sceneLighting":false,"audioPlay":false,"sceneViewState":{"showFog":true,"showMaterialUpdate":true,"showSkybox":true,"showFlares":true,"showImageEffects":true,"showParticleSystems":true},"in2DMode":false,"pivot":{"x":311.9786682128906,"y":-193.51898193359376,"z":-129.701416015625},"rotation":{"x":-0.05758138746023178,"y":0.9386872053146362,"z":-0.27961117029190066,"w":-0.1933087408542633},"size":838.8901977539063,"orthographic":false}