{"cameraMode":{"drawMode":0,"name":"Shaded","section":"Shading Mode"},"sceneLighting":false,"audioPlay":false,"sceneViewState":{"showFog":true,"showMaterialUpdate":true,"showSkybox":true,"showFlares":true,"showImageEffects":true,"showParticleSystems":true},"in2DMode":false,"pivot":{"x":5.489660263061523,"y":2.8103418350219728,"z":-2.4850497245788576},"rotation":{"x":-0.12620848417282105,"y":-0.6876218914985657,"z":0.12321630120277405,"w":-0.7043191194534302},"size":21.066499710083009,"orthographic":false}