{"cameraMode":{"drawMode":0,"name":"Shaded","section":"Shading Mode"},"sceneLighting":false,"audioPlay":false,"sceneViewState":{"showFog":true,"showMaterialUpdate":true,"showSkybox":true,"showFlares":true,"showImageEffects":true,"showParticleSystems":true},"in2DMode":false,"pivot":{"x":0.00444483757019043,"y":2.3712615966796877,"z":0.799816370010376},"rotation":{"x":0.034766726195812228,"y":-0.9649381041526794,"z":0.17141595482826234,"w":0.1957099586725235},"size":15.615517616271973,"orthographic":false}